name,language,stars
yggdrasil-decision-forests,C++,622
site-kit-wp,JavaScript,1.3k
oss-fuzz,Shell,12k
brotli,TypeScript,14k
compile-testing,Java,715
device-infra,Java,58
filonov,Python,10
perfetto,C++,5k
dwh-migration-tools,Java,54
error-prone,Java,7.1k
nearby,C++,887
turbine,Java,82
orbax,Python,455
skia,C++,10k
angle,C++,3.8k
capslock,Go,1.1k
koladata,C++,27
or-tools,C++,13k
rrg,Rust,59
aarch64-paging,Rust,38
dawn,C++,778
scaaml,Python,175
adk-go,Go,4.7k
syzkaller,Go,5.9k
cpu_features,C++,2.6k
highway,C++,5.1k
gemma.cpp,C++,6.6k
dranet,Go,146
pl011-uart,Rust,6
cddlconv,TypeScript,11
jaxite,Python,88
nomulus,Java,1.8k
xls,C++,1.4k
safe-mmio,Rust,17
flatbuffers,C++,25k
sbom-conformance,Go,2
ruy,C++,316
earthengine-api,JavaScript,3.1k
XNNPACK,C,2.2k
fhir-data-pipes,Jupyter Notebook,204
truth,Java,2.8k
tunix,Python,1.9k
garf,Python,11
nsjail,C++,3.6k
budoux-extension,TypeScript,16
qwix,Python,66
aarch64-rt,Rust,17
percore,Rust,8
wuffs,C,4.7k
magika,Python,9.8k
jimfs,Java,2.5k
zerocopy,Rust,2.1k
skia-buildbot,Go,158
gtm-session-fetcher,Objective-C,265
google-toolbox-for-mac,Objective-C,1.2k
ground-android,Kotlin,272
command-fds,Rust,42
yapf,Python,14k
tsl,C++,101
osv-scalibr,Go,537
synopsys-dw-uart,Rust,
cameratrapai,Python,387
double-conversion,C++,1.2k
dive,C++,17
adk-samples,Python,6.4k
sedpack,Python,28
go-containerregistry,Go,3.6k
bazel-common,Starlark,91
open-dice,C++,26
heir,C++,609
chromium-policy-vulnfeed,Go,7
toucan,C++,48
docsy,JavaScript,2.9k
osv-scanner,Go,8.1k
cassowary.dart,Dart,44
android-cuttlefish,C++,571
ink,C++,49
earthengine-catalog,Jsonnet,121
oss-fuzz-vulns,Python,166
meridian,Python,1.2k
gn-language-server,Rust,18
matr,Rust,9
langfun,Python,875
osv-scanner-v1,Go,2
adk-docs,HTML,975
quiche,C++,801
private-compute-libraries,Kotlin,34
gson,Java,24k
kafel,C,340
adk-python,Python,16k
mug,Java,444
biva,C++,6
gvisor,Go,17k
tabuli,C++,35
filament,C++,19k
Xee,Python,320
safevalues,TypeScript,137
init2winit,Python,79
jetpack-camera-app,Kotlin,276
eclipsa-audio-plugin,C++,56
adk-js,TypeScript,99
crubit,C++,924
cel-java,Java,227
cel-spec,Starlark,3.5k
crosvm,Rust,1.1k
grain,Python,602
ground-platform,TypeScript,227
closure-compiler,JavaScript,7.6k
dotprompt,Python,329
kotlin-fhirpath,Kotlin,6
bloaty,C++,5.3k
civics_cdf_validator,Python,34
netkat,C++,27
virtual-printer,Kotlin,2
benchmark,C++,9.9k
digitalbuildings,Python,424
oracle-toolkit,Shell,65
fuzztest,C++,924
fonts,HTML,19k
gfxstream,C++,21
clusterfuzz,Python,5.5k
xrblocks,TypeScript,153
cel-cpp,C++,205
closure-templates,Java,671
TestParameterInjector,Java,415
sec-gemini,Svelte,107
secure-aggregation,Rust,5
security-research,C,4.3k
automotive-design-compose,Rust,167
dagger,Java,18k
embardiment,C#,11
llvm-propeller,C++,464
adk-java,Java,967
ecclesia-machine-management,C++,15
zx,JavaScript,45k
s2geometry,C++,2.6k
earthengine-community,Jupyter Notebook,743
timesketch,Python,3.2k
testrun,Python,42
dart-neats,Dart,503
mozc,C++,2.8k
go-querystring,Go,2.1k
googletest-rust,Rust,393
built_value.dart,Dart,883
brax,Jupyter Notebook,2.9k
seesaw,Go,5.7k
oboe,C++,4k
boringssl,C++,2.1k
torchax,Python,131
go-units,Go,7
osv.dev,Python,2.4k
j2cl,Java,1.3k
ml-metrics,Python,19
pullsheet,Go,88
nsscache,Python,150
tcmalloc,C++,5k
aqt,Python,337
pdl,Rust,66
mcp-security,Python,404
oss-rebuild,Go,669
atheris,Python,1.5k
adk-python-community,Python,95
json_serializable.dart,Dart,1.6k
ksp,Kotlin,3.3k
jsonschema-go,Go,140
gops,Go,7k
tarpc,Rust,3.6k
go-attestation,Go,404
libnss-cache,C,61
assertor,Rust,144
flax,Jupyter Notebook,6.9k
clspv,LLVM,693
langextract,Python,17k
pack,Rust,202
gurl,C++,0
shell-encryption,C++,124
certificate-transparency-go,Go,1.1k
source_helper.dart,Dart,16
conscrypt,Java,1.4k
libphonenumber,C++,18k
copybara,Java,2.5k
sentencepiece,C++,11k
snappy,C++,6.5k
trillian-examples,Go,173
android-security-lints,Kotlin,153
secops-wrapper,Python,44
workflow-graph,TypeScript,149
android-fhir,Kotlin,571
silifuzz,C++,412
tensorstore,C++,1.5k
peoplemath,TypeScript,128
fscrypt,Go,983
trillian,Go,3.7k
go-github,Go,11k
gke-policy-automation,Go,525
merchant-api-samples,Java,10
go-cloud,Go,9.8k
aoss-verifier,Go,25
go-jsonnet,Go,1.8k
certtostore,Go,96
neuroglancer,TypeScript,1.2k
minijail,C,342
osv-scanner-action,Python,47
jax-datetime,Python,2
glome,C,63
gutil,C++,11
fleetbench,C++,134
across,HTML,21
fhir,C++,904
horologist,Kotlin,657
nccl-plugin-gpudirect-tcpxo,C++,6
gnostic-models,Go,20
go-sev-guest,Go,66
fhir-gateway,Java,90
kotlin,Kotlin,153
android-beat,,2
bumble,Python,426
gwpsan,C++,327
nftables,Go,1.3k
wasefire,Rust,127
clasp,TypeScript,5.3k
guava,Java,51k
go-tdx-guest,Go,79
googleapis.dart,Dart,408
openhtf,Python,613
github_workflows_playground,,8
adk-web,TypeScript,675
gce-tcb-verifier,Go,22
github-team,Shell,2
pyglove,Python,699
shaderc,C++,2.1k
cel-go,Go,2.8k
arolla,C++,23
inverting-proxy,Go,262
ChromeBrowserEnterprise,C#,57
travel-impact-model-website,TypeScript,5
learned_optimization,Python,788
rpmpack,Go,128
cctz,C++,631
weather-tools,Python,241
schema-dts,TypeScript,1.1k
foteli,C++,5
protobuf.dart,Dart,558
mdbook-i18n-helpers,Rust,194
deps.dev,Go,354
tsec,TypeScript,141
github-sandbox,,16
dotguides,TypeScript,21
aarch64-esr-decoder,Rust,99
torq,Python,2
osdfir-infrastructure,Smarty,172
github_nonpublic_api,Python,43
libhoth,C,17
oss-fuzz-gen,Python,1.3k
auto,Java,11k
xctestrunner,Python,153
escapevelocity,Java,39
postcss-rename,TypeScript,162
praxis,Python,190
transit,,852
riegeli,C++,465
swiftshader,C++,2.4k
osdemo,Rust,8
j2objc,Java,6k
differential-privacy,Go,3.3k
caliper,Java,819
aidl-language,,23
selinux-policy-languages,,14
pdl-language,,26
comprehensive-rust,Rust,32k
webcrypto.dart,Dart,97
budoux,Python,1.5k
pytype,Python,5k
paxml,Python,540
renameio,Go,667
seqio,Python,589
alioth,Rust,307
iwa-vscode-extension,TypeScript,3
mobly,Python,716
project-voice,TypeScript,49
duet,Python,24
cro3,Rust,49
arb-editor,TypeScript,56
codeql-action,TypeScript,0
dfindexeddb,Python,38
sound-checker,Kotlin,22
traceviz,TypeScript,4
etils,Python,244
labs-prototypes,Jupyter Notebook,85
vector_math.dart,Dart,341
pprof,Go,8.9k
rust-crate-audits,,255
aside,TypeScript,392
privacy-sandbox-aggregation-service,Go,28
rbrotli-enc,Rust,13
ads-api-report-fetcher,TypeScript,53
guice,Java,13k
mobly-bundled-snippets,Java,54
metrax,Python,47
symphony-gcp,Python,
ml-compiler-opt,Python,737
google-cloud-datastore-quadruple,M4,2
styleguide,HTML,39k
array_record,C++,123
mobly-android-screen-recorder,Python,5
certificate-transparency-community-site,HTML,132
tsunami-security-scanner-plugins,Java,942
tsunami-security-scanner,Java,8.5k
keep-sorted,Go,316
docsy-example,HTML,537
perf_data_converter,C++,331
android-emulator-hypervisor-driver,C,841
ads_oneshop,Python,19
EarlGrey,Objective-C,5.7k
zetasql,C++,2.4k
myvibe,,4
business_intelligence_group,Jupyter Notebook,14
mobly-bluetooth-ref-validation,Python,5
googletest,C++,37k
cloud-android-orchestration,Go,58
fhir-py,Python,94
product_video_ads,TypeScript,61
xplat,Java,18
go-tpm,Go,616
guava-beta-checker,Java,91
google-authenticator-libpam,C,1.9k
spatial-media,Python,2k
longfellow-zk,C++,983
kernel-research,C++,48
bindiff,Java,2.8k
shifter,Go,45
coset,Rust,38
starlark-go,Go,2.6k
GoogleSignIn-iOS,Objective-C,667
rust_icu,Rust,128
jsir,C++,108
walt,Java,462
meterstick,Jupyter Notebook,109
binexport,C++,1.2k
kotlin-fhir,Kotlin,53
saxml,Python,146
ever,Jupyter Notebook,14
sso-offloading,TypeScript,
kf,Go,400
vizier,Python,1.6k
instrumentsToPprof,Go,52
mozc-devices,C++,2.7k
ml_collections,Python,998
graph-renderer,,0
container-explorer,Go,89
googet,Go,98
google-api-objectivec-client-for-rest,Objective-C,830
desugar_jdk_libs,Java,389
uncertainty-baselines,Python,1.6k
bt-navi-tests,Python,5
go-tpm-tools,C,271
jax-cfd,Jupyter Notebook,894
p4-infra,C++,
kotlin_convert,Kotlin,20
built_collection.dart,Dart,283
quiver-dart,Dart,1.1k
pthreadpool,C++,22
webkit_inspection_protocol.dart,Dart,33
semantic-locators,JavaScript,58
brotli-wheels,,10
openintent,,33
re2,C++,9.5k
bughunters,,139
filament-assets,Mathematica,
xarray-beam,Python,158
gsocguides,CSS,475
mpact-cheriot,C++,6
glazier,Python,1.2k
mpact-riscv,C++,26
tfp-causalimpact,Python,135
fscryptctl,C,137
capirca,Python,839
imt,C++,5
neper,C,318
autofdo,C++,575
ARC-GEN,Python,33
fresnel,Go,55
dart_cli_pkg,Dart,61
fiddle,Python,364
elemental2,Java,167
jsinterop-base,Java,72
jsinterop-annotations,Java,21
jsinterop-generator,Java,82
genie-for-sap-abap-ai-assistant-sample,ABAP,26
omaha-client,Rust,6
sbat-rs,Rust,18
authenticode-rs,Rust,30
gpt-disk-rs,Rust,71
hackable_diffusion,Python,24
zimtohrli,Jupyter Notebook,172
uri.dart,Dart,80
mangle,Go,2.9k
mono_repo.dart,Dart,165
python-fire,Python,28k
ragvis,,
xarray-tensorstore,Python,61
flogger,Java,1.5k
breakpad,C++,2.8k
hotels-template-library,C++,24
google-ctf,Python,4.8k
process_runner,Dart,20
nsync,C,1.2k
quic-trace,C++,119
temporian,Python,703
mtail,Go,4k
obr,C++,22
turbinia,Python,777
google-java-format,Java,6k
addlicense,Go,850
GoogleAppMeasurement,Swift,31
evt-air-risk-aiaa-scitech-2026,Python,2
watchface,Kotlin,52
der-ascii,Go,248
inject-common,Java,11
airio,Python,21
buzzer,Go,468
jpegli,C++,277
ts-bridge,Go,54
slo-generator,Python,546
autobound,Python,363
pdsl-xray,Java,2
test-server,Go,17
sbsim,Python,86
tracey,Go,6
smbios-validation-tool,Go,12
pmax_best_practices_dashboard,Shell,52
pubmed-rag,Jupyter Notebook,11
loudness_ebur128,C++,3
python-proto-converter,Python,15
pathways-job,Go,15
humanio,JavaScript,14
anonymous-tokens,C++,58
eDistantObject,Objective-C,176
fleetspeak,Go,142
yamlfmt,Go,1.6k
tf-shell,Python,9
rootcanal,C++,30
skcms,,3
deepvariant,Python,3.6k
drjax,Python,15
jaxloop,Jupyter Notebook,18
private-join-and-compute,C++,833
gnxi,Python,282
winops,Go,121
intellij-community,Java,12
wireit,TypeScript,6.3k
OpenSK,Rust,3.2k
capsem,Python,0
private-membership,C++,49
rune,C,1.9k
trillian-website,HTML,12
vanir,Python,342
cabbie,Go,99
travel-impact-model,,164
sandboxed-api,C++,1.7k
deepsomatic,,276
licenseclassifier,Go,339
distbench,C++,54
ide-perf,Kotlin,65
native-pkcs11,Rust,64
mpact-sim,C++,37
webview-ads,HTML,
gematria,Python,91
taxinomia,Go,
opendocs,,199
jaxopt,Python,1k
threat-team,YARA,54
generative-ai-docs,Jupyter Notebook,2.2k
oss-policies-info,,28
cloud-forensics-utils,Python,489
play-unreal-engine-plugin,C++,12
security-testbeds,Tcl,52
amber,C++,214
proto-lens,Haskell,497
play-services-plugins,Java,503
packetdrill,C,950
codemirror.dart,Dart,87
emboss,Python,82
playground-elements,TypeScript,626
snippet-uiautomator,Java,46
slowjam,HTML,252
fswalker,Go,109
sanitizers,C,12k
reflectable.dart,Dart,382
private-compute-services,Java,531
llm-sidebar-with-context,JavaScript,4
mediapy,Jupyter Notebook,440
learn-oss-with-google,Python,43
google.github.io,HTML,533
minimalloc,C++,175
smccc,Rust,8
s2a-proto,,0
s2a-go,Go,25
GoogleUtilities,Objective-C,121
mount-zip,C++,221
dnsmasq_exporter,Go,183
libultrahdr,C++,263
GTMAppAuth,Swift,413
ffn,Python,339
trax,Python,8.3k
mobly-wifi,Python,7
CausalImpact,R,1.8k
create-service-account,Python,25
wmt-mqm-human-evaluation,,96
polymorphicDSL,Java,12
apitools,Python,145
flink-connector-gcp,Java,12
bundletool,Java,3.9k
rdma-unit-test,C++,30
GiftStick,Python,142
minja,C++,198
gin-config,Python,2.1k
quahog,Go,2
sagetv,Java,280
protobuf-gradle-plugin,Groovy,1.8k
struct2tensor,Python,34
material-design-icons,,53k
closure-compiler-npm,JavaScript,339
allocation-instrumenter,Java,487
draco,C++,7k
jscin,JavaScript,45
kati,Rust,994
GoogleDataTransport,Objective-C,53
cql,Go,94
interop-ios-for-google-sdks,Objective-C,13
app-check,Objective-C,31
fully-homomorphic-encryption,C++,3.6k
strict-csp,TypeScript,48
jaxonnxruntime,Python,125
subcommands,Go,781
ukey2,Java,48
dataflow-ml-starter,Python,24
async-request-dispatcher-rs,Rust,3
virtual-broadcast-production-assistant,JavaScript,17
honggfuzz,C,3.3k
kctf,Go,731
gcp_scanner,Python,341
bigwheels,C++,101
web-game-samples,JavaScript,59
fleetspeak-rs,Rust,10
eng-edu,Jupyter Notebook,734
edward2,Jupyter Notebook,702
fuse-archive,C++,223
github-webhook-pubsub-bridge,Go,6
go-licenses,Go,961
pybind11clif,C++,70
shaderc-rs,Rust,282
closure-net,,3
rax,Python,335
go-dap,Go,133
distributed_point_functions,C++,77
rust-scudo,Rust,59
casimir,Rust,
ota-analyzer,JavaScript,13
crumbles,Java,5
tuple.dart,Dart,194
grinder.dart,Dart,266
webdriver.dart,Dart,141
sync_http.dart,Dart,17
flutter-mediapipe,Dart,270
dart-basics,Dart,164
genc,C++,63
carfac,Jupyter Notebook,131
kube-startup-cpu-boost,Go,509
jni-bind,C++,303
autocxx,Rust,2.5k
ghc-source-gen,Haskell,99
tsunami-security-scanner-callback-server,Java,18
partner-ads-experience,,4
fast-isotropic-median-filter,C++,16
ink-stroke-modeler,C++,104
cad_campaign_anomaly_detector,JavaScript,11
pcie_lmt,Go,7
llvm-memprof,C++,4
soql-tool,Apex,0
saif-data,,4
link-diver,TypeScript,69
wire,Go,14k
grpc-binary,Swift,10
kunit-docs,HTML,29
evolve-forms,Apex,175
matched_markets,Python,94
flow-lens,TypeScript,72
distributed_graph_flow,,0
go-eventlog,Go,15
Serberus,,13
node-gles,C++,331
co-op-4-all,TypeScript,10
data-driven-discretization-1d,Jupyter Notebook,168
howtodiv,Python,8
corpuscrawler,Python,211
accompanist,Kotlin,7.8k
proto-task-queue,Python,10
arm-gic,Rust,38
python-spanner-orm,Python,40
multichase,C,146
graph-mining,C++,712
executor.nvim,Lua,153
s2-geometry-library-java,Java,578
gnostic,Go,2.2k
cluster-data,TeX,1k
speaker-id,Python,436
localtoast,Go,114
generative-ai-go,Go,830
if-this-then-ad,TypeScript,99
dynamicworld,Jupyter Notebook,153
effcee,C++,102
facade,Python,134
har2csv,JavaScript,46
reflow-list,TypeScript,8
model-viewer,TypeScript,7.7k
esamplusplus,Python,4
devlibrary,Vue,194
shoptimizer,Python,48
safe-active-record,Ruby,18
practical-inverse-rendering-of-textured-and-translucent-appearance,Python,113
deluca,Jupyter Notebook,124
wci,Python,36
csv-to-firestore,Python,25
tacotron,HTML,540
sequence-layers,Python,46
conversational-surveys,JavaScript,6
ippusb,Rust,4
rubik,Python,28
vbootrom,C,16
web-hv,JavaScript,46
safety-web,TypeScript,27
argh,Rust,1.9k
fedjax,Python,266
jsonnet,Jsonnet,7.4k
chrome-ssh-agent,Go,274
hrx-ruby,Ruby,12
smc-hello-world,C,
smc-common,C,
deku,Go,6
code-review-bot,Go,101
truestreet,Go,42
python-card-framework,Python,22
gmail-oauth2-tools,Python,465
triage-party,Go,521
web-api-gateway,Go,46
payjs,JavaScript,7
gonids,Go,189
flyweights,Rust,2
litmus,Vue,38
gtest-parallel,Python,454
ml-edu,Python,6
automotive-design-compose-protos,,0
swissgl,JavaScript,1.2k
rde-tester,C++,
refvnli,JavaScript,0
CoMMA,Rust,11
fsl-gaming,JavaScript,25
terraform-google-sqlserver,PowerShell,3
cost-attribution-solution,HCL,37
lmeval,Python,235
tachometer,TypeScript,726
ios-webkit-debug-proxy,C,6.1k
apilark,,6
tcli,Python,9
app-resource-bundle,,155
recaptcha,PHP,3.5k
ent,Go,75
CommonLoopUtils,Jupyter Notebook,358
ebpf-transport-monitoring,Go,23
rago,Python,21
aukera,Go,41
open-location-code,Java,4.3k
jaxcam,Python,13
content_recommendation_using_word2vec,Python,27
safehtml,Go,373
forest-data-partnership,Jupyter Notebook,35
lightweight_mmm,Python,1k
gazoo-device,Python,23
bt-test-interfaces,Python,14
avatar,Python,20
paranoid_crypto,Python,796
proto-splitter,C++,
cadvisor,Go,19k
unblocking-detail-caption,HTML,
auto-arborist,Jupyter Notebook,13
qkeras,Python,578
pts-bot,Rust,4
vroom,Python,274
libaddressinput,C++,606
android-key-attestation,Java,213
dv360-duplicator,TypeScript,20
eiffel,C,5
skyline_rl_lab,Jupyter Notebook,6
pseudo-identity-provider,Go,9
llvm-premerge-checks,Python,43
go-configfs-tsm,Go,8
grr,Python,5k
sandwiched_compression,Jupyter Notebook,48
gemma_pytorch,Python,5.6k
go-safeweb,Go,1.5k
visualblocks,TypeScript,1.3k
codesearch,Go,3.9k
webauthndemo,TypeScript,621
UIforETW,C++,1.6k
hiba,C,384
pyink,Python,280
vk-layer-for-rust,Rust,14
liblc3,C,225
taqo-paco,Dart,12
jse4conf,Java,6
synthmark,C++,56
df-conformer,HTML,31
zetasketch,Java,163
cairn,C++,5
agi,Go,1k
lullaby,C++,1.2k
visqol,C++,836
glog,C++,7.3k
uvq,Python,119
aegis_cipher,C++,25
consent-based-conversion-adjustments,Python,25
containerdbg,C,74
Stereoscopic-Video-Generation-via-Denoising-Frame-Matrix,Python,8
iopddl,C++,24
badwolf-drivers,Go,22
project-euphonia-app,Dart,29
badwolf,Go,984
fruit,C++,1.9k
sa360-bigquery-bootstrapper,Python,6
gemma-unity-plugin,C#,79
gemma-journey,C#,28
feabench,Python,4
hashr,Go,126
regexpand,Go,8
myelin-acorn-electron-hardware,Python,59
vscode-vnc,TypeScript,5
pica,Python,55
strangemeadowlark,Rust,3
note-maps,Go,129
curie,Jupyter Notebook,28
mobly-cros,Python,2
go-tika,Go,253
textfsm,Python,1.2k
sherlock,Python,8
go-tspi,Go,62
kernel-sanitizers,Python,468
file-header,Rust,19
extra-keyboards-for-chrome-os,JavaScript,214
libprotobuf-mutator,C++,634
crc32c,C++,498
codeworld,Haskell,1.3k
smali,Java,325
android-riscv64,,242
unisim,Python,144
ml-metadata,C++,666
kmsan,C,417
play-asset-delivery-unity,C#,13
play-appbundle-unity,C#,8
file-based-test-driver,C++,13
oauth2l,Go,709
ads-privacy,,408
trusted-types-helper,TypeScript,11
search-in-apps,Swift,4
eslint-config-google,JavaScript,1.8k
go-replayers,Go,432
uVkCompute,C++,257
dfdewey,Python,19
CFU-Playground,Verilog,535
sqlcommenter,PHP,616
picatrix,Python,51
shadertrap,C++,12
lldb-eval,C++,86
pasta,Python,359
LogicLM,HTML,29
wuffs-mirror-release-c,C,39
image_mix,Python,16
page-alloc-bench,Go,4
grizzly,Python,69
tf-quant-finance,Python,5.1k
coding-with-chrome,JavaScript,530
html-to-jsonld-converter,Python,5
gopacket,Go,6.7k
RB-Modulation,Jupyter Notebook,402
briolette,Rust,67
bbr,,5.8k
py-lab-hal,Python,12
bsynth,C++,20
.github,,109
snowflake-to-bq-data-transfer-tool,Java,3
password-alert,JavaScript,322
moodle-on-gcp,Shell,72
glance-experimental-tools,Kotlin,185
myanmar-tools,Java,255
k8s-digester,Go,155
splice,Go,65
cc-device-plugin,Go,4
project-OCEAN,Python,55
git-pull-request-mirror,Go,95
weasel,Go,66
parse-ego4d,Jupyter Notebook,7
deepconsensus,Python,252
deeppolisher,Jupyter Notebook,94
makerspace-auth,Python,66
material-design-lite,HTML,32k
patrick,R,143
xr-objects,C#,161
dlc-insight-lab,JavaScript,
j2cl-protobuf,JavaScript,25
yarsa,Go,
googlesre,TypeScript,167
android-auto-companion-android,Kotlin,26
automl,Jupyter Notebook,6.4k
gdb_gcore_point,Python,2
serde_json5,Rust,42
emoji-scavenger-hunt,TypeScript,819
android-auto-companion-ios,Swift,16
library-wrapper-unity-common,C#,7
lottie-tools,Rust,2
speedy,C++,35
pebble,C,4.9k
volley,Java,3.4k
open-sztp,Go,11
pyu2f,Python,84
marl,C++,2k
cppdap,C++,182
uem_poc,TypeScript,3
new-project,,234
go-cmp,Go,4.5k
mlir-hs,Haskell,118
webrisk,Go,78
csp-evaluator,TypeScript,373
multichannel-audio-tools,C++,95
pprof-nodejs,JavaScript,288
hctr2,C,37
santa-tracker-web,JavaScript,644
jira-to-issues,TypeScript,18
best,Rust,137
alu-api,Jupyter Notebook,
haskell-indexer,Haskell,101
latexify_py,Python,7.6k
abseil-cpp-binary,Swift,16
fuzzbench,Python,1.2k
jarjar,Java,90
xdtk,Java,38
play-integrity-unity,C#,10
play-in-app-reviews-unity,C#,12
play-in-app-updates-unity,C#,3
santa,Objective-C++,4.5k
play-core-unity,C#,3
android-auto-companion-app,Dart,15
orbit,C++,4.3k
leveldb,C++,38k
ctrdac,Go,13
mail-importer,Java,264
deck,Go,56
unsmear,C++,95
library-wrapper-unity-openjdk8,C#,7
calblink,Go,43
kir-holiday-lights,Shell,19
io-connect-2024-ui-workshop,CSS,44
snaplayout-for-xmonad,Haskell,6
dfiq,Python,294
git-tree,Rust,45
learn_unsafe_rust,,279
archat,TypeScript,94
summit-ast,Kotlin,42
rust-p9,Rust,43
spiqa,Python,70
oxsea,Rust,2
re2j,Java,1.2k
megalista,Python,138
serde_json_lenient,Rust,25
bulk-actions-framework,Apex,
rag-playground,Python,41
agi-dev-releases,Shell,35
fhir-app-examples,Kotlin,54
shopping_insider,Python,29
gnostic-grpc,Go,314
acjs,Go,10
go-react,Go,38
broken-dns,Go,22
xtoproto,Go,58
martian,Go,2k
recursive-version-control-system,Go,31
spdmd,C++,0
bulk_fhir_tools,Go,63
ondc-opencommerce,Go,24
goblet,Go,181
webpackager,Go,75
apt-golang-s3,Go,49
fhir-dbt-analytics,Shell,58
vxsig,C++,284
traceur-compiler,JavaScript,8.2k
vimscript-language-server,Rust,401
cpp-from-the-sky-down,HTML,276
tree-math,Python,202
go-streaming-globber,Go,6
clusterfuzzlite,,509
ads-bi-suite,Shell,18
tcpgpudmarxd,C++,9
play-common-unity,C#,
play-unity-plugins,C#,465
codex,Jupyter Notebook,67
sre_yield,Python,187
lintush,JavaScript,59
emoji-segmenter,C,64
unity-anr-plugin,Java,5
imageinwords,JavaScript,223
android-emulator-container-scripts,Python,2k
werm,C,46
season-of-docs,,579
uuid,Go,5.9k
android-auto-companion-calendarsync-ios,Swift,6
ionosphere,Jupyter Notebook,3
takeout,,11
promises,Objective-C,3.8k
iba-opt-out-plugin,JavaScript,
dopamine,Jupyter Notebook,11k
docci,HTML,3
compute-virtual-ethernet-dpdk,C,11
angular-directed-graph,TypeScript,18
skywater-pdk,Python,3.3k
safearchive,Go,64
gts,TypeScript,5.2k
fuzzing,C++,3.7k
slang-gaussian-rasterization,Python,362
talkback,Java,488
langsvr,C++,9
coroutine-stacks,Kotlin,144
devtools-driver,Java,16
account-provisioning-for-google-apps,Java,51
chicago-brick,TypeScript,161
tour-of-wgsl,TypeScript,142
crfs,Go,1.4k
cql-on-beam,Java,12
capsicum-test,C++,45
docker-explorer,Python,548
graphicsfuzz,Java,595
CodeCity,JavaScript,193
moriarty,C++,6
uis-rnn,Python,1.6k
purr,Shell,155
karma-webkit-launcher,JavaScript,12
yaml-ui-editor,Java,32
supl-client,Java,71
robotstxt-spec-test,Java,23
step49-2020,Java,3
robotstxt-java,Java,47
exposure-notifications-private-analytics-ingestion,Java,12
play-work,Java,85
grr-doc,Shell,307
eng-practices,,20k
tec-web-assignments,JavaScript,12
webdriver-shadow-dom,Kotlin,2
drive-file-search-fix,JavaScript,5
gousb,Go,919
bayesnf,Python,142
funke-eudi-wallet-prototype,Kotlin,3
vimdoc,Python,304
paseos,JavaScript,15
tsunami,TypeScript,9
hrx,SCSS,49
english--,JavaScript,7
clif,C++,981
grrshell,Python,7
cdc-file-transfer,C++,3.4k
devops-governance,,83
google-visualization,TypeScript,14
price_visibility_booster,JavaScript,2
vim-codefmt,Vim Script,1.1k
project-gameface,Java,617
Vulkan-Errata,Python,5
ad_language_monitor,JavaScript,5
cell_img,Jupyter Notebook,8
souper,C++,2.3k
audio-to-tactile,C,103
secrets-gradle-plugin,Kotlin,1.3k
madi,Python,78
google-api-javascript-client,CSS,3.4k
btree,Go,4.1k
it-cert-automation-practice,Python,986
sxg-rs,Rust,85
lyra,C++,3.9k
schemarama,JavaScript,146
premium-vs-standard-network-latency,Shell,4
lut3d_utils,Python,11
rust-derive-fuzztest,Rust,18
real-time-intelligence-workshop,Jupyter Notebook,27
ghost-kernel,C,227
ansicolor-dart,Dart,104
libnop,C++,576
zopfli,C++,3.6k
flutter.widgets,Dart,1.4k
lifetime_value,Jupyter Notebook,365
ExoPlayer,Java,22k
woff2,C++,1.7k
pwlfit,Jupyter Notebook,40
haloquest,Jupyter Notebook,23
robotstxt,C++,3.4k
closure-library,JavaScript,4.9k
omaha,C++,2.6k
pycnite,Python,26
model_search,Python,3.3k
shopping-markup,Python,49
resultstoreui,Python,12
sg2im,Python,1.3k
namebench,Go,923
flight-lab,Python,15
nccl-plugin-gpudirecttcpx,C++,14
zazu,TypeScript,21
codewords,TypeScript,11
voice-builder,JavaScript,679
dynamic-form,TypeScript,30
werewolf_arena,Python,40
cargo-raze,Rust,481
safetext,Go,150
daguerreotype,TypeScript,9
sgtm-migrator,TypeScript,17
BIG-bench,Python,3.2k
feedloader,Python,13
wikiloop-explorer,Vue,8
nodejs-container-image-builder,TypeScript,73
node-fastify-auto-push,TypeScript,101
streetview-publish-client-libraries,Java,19
defi-for-good-contracts,TypeScript,14
oodle-demo,HTML,83
making_with_ml,Jupyter Notebook,348
centaur,TypeScript,12
poseshield-tfjs,Vue,14
personfinder,Python,540
ai_assisted_display_creative,Python,16
automated-native-creatives,TypeScript,16
budoux-illustrator-script,TypeScript,20
aoss-django-sample-starter-project,Shell,6
nanopb-podspec,Ruby,7
setfilters,Java,10
agamotto,Python,18
balloon-learning-environment,Python,125
seatera,Python,18
diffseg,Jupyter Notebook,327
window-mirror,C#,18
keyword_factory,Python,41
merchant_center_repor_builder,Python,11
inspiration_tree,Jupyter Notebook,77
brain-tokyo-workshop,Jupyter Notebook,1.3k
taxonomy_wizard,Python,13
mandiant-ti-client,Python,19
vertex-pipelines-boilerplate,Python,10
project_cartesian,Python,20
android-emulator-webrtc,JavaScript,149
password-sync-support-tool,VBScript,34
jsonapi,Go,1.4k
ad-manager-alerter,Python,27
looker-studio-dashboard-cloner,TypeScript,36
gcp-scc-iac-validation-utils,Go,2
iconvg,C,682
playhvz,Kotlin,26
assetMG,TypeScript,7
bulkan,TypeScript,7
evojax,Jupyter Notebook,925
telluride_decoding,Python,14
font-go,Go,54
java-time-client,Java,18
project-euphonia-audiotool,TypeScript,27
task-oriented-queries,,5
peripheral-customization-pwa,TypeScript,7
protobuf-extensibility-for-burp,Python,88
eventid-js,TypeScript,78
node-h2-auto-push,TypeScript,328
js-green-licenses,TypeScript,181
gasket-driver,C,110
wikiloop-doublecheck,TypeScript,83
data-layer-helper,JavaScript,440
dana,JavaScript,117
accname,TypeScript,34
libhidtelephony,TypeScript,12
incremental-dom,TypeScript,3.5k
pixelate,TypeScript,54
conversion-audit,TypeScript,5
data-quality-monitor,TypeScript,38
product-dsa,Python,12
react-schemaorg,TypeScript,506
android-management-api-samples,Jupyter Notebook,34
creative-screenshots,TypeScript,17
dqm,Python,27
fusion-tables-archive-visualizer,TypeScript,33
nodejs-wiki,JavaScript,17
assortment-quality-for-shopping-ads,Python,8
eleventy-high-performance-blog,JavaScript,4.1k
uafcs,Python,4
vsf-time-series,Python,30
oculi,Jupyter Notebook,63
android-uiconductor,Java,125
tamperchrome,TypeScript,4.2k
gov-meetings-made-searchable,Python,33
patents-public-data,Jupyter Notebook,627
tweakr,JavaScript,26
ngrx-visualizer,TypeScript,23
mweb-analysis-tools,JavaScript,8
fusion-tables-drive-export,TypeScript,7
vscode-zxdb,TypeScript,4
gtasks-md,Python,74
triggerator,TypeScript,11
service-worker-detector,JavaScript,183
cronet-transport-for-okhttp,Java,523
ditto-mocks,Apex,97
gps-measurement-tools,Java,803
stijl,JavaScript,43
schedviz,Go,530
grassland,TypeScript,10
synthesizer-io,Rust,36
eslint-closure,JavaScript,33
intermock,TypeScript,1.2k
mpact-sim-codelabs,C++,4
pybadges,Python,498
uv-metrics,Python,13
caliban,Python,500
verilogpp,Perl,17
t5patches,Python,12
vpn-libraries,C++,554
go-p11-kit,Go,93
ngx_brotli,C,2.2k
psp,C,276
google-sql-syntax-ts,TypeScript,9
fishy-pdf,Python,11
dv360-spend-monitoring-tool,JavaScript,6
diff-match-patch,Python,8k
hi-lassie,Python,24
lassie,Python,53
lkml-gerrit-bridge,Python,7
lecam-gan,Jupyter Notebook,165
prog-edu-assistant,Jupyter Notebook,33
har-sanitizer,Python,73
pre-commit-tool-hooks,Python,38
jsaction,JavaScript,1.1k
deepmac,HTML,5
game-changing-assets,Jupyter Notebook,3
framework-for-osdu,Java,19
hintless_pir,C++,22
jwt_verify_lib,C++,44
prompt-to-prompt,Jupyter Notebook,3.4k
how-unique-is-whose-web-browser,Jupyter Notebook,2
brunsli,C++,745
gapid,Go,2.2k
report2bq,Python,13
brandometer,Python,10
ldif,Python,320
pawn,C++,337
empirical_calibration,Jupyter Notebook,45
shuwa,Python,143
tabletopaudio-action,TypeScript,9
hypernerf,Python,943
importlab,Python,177
ota-generator,Python,24
ai_video_dubbing,Python,50
prefab,Kotlin,229
starthinker,Python,173
golden-path-for-app-delivery,Go,18
ringli,C++,11
oatts,JavaScript,141
web-starter-kit,HTML,18k
nerfies,Python,1.9k
flexbox-layout,Kotlin,18k
cityhash,Shell,1.2k
intellij-gn-plugin,Kotlin,15
safebrowsing,Go,488
AEUX,JavaScript,541
highwayhash,C++,1.6k
amot,Shell,3
licensecheck,Go,484
osdetector-gradle-plugin,Java,116
permhash,Python,44
flaxformer,Python,363
GTXiLib,Objective-C,233
esh,C,331
quota-monitoring-solution,Java,52
common-multicloud-runtime,,0
cmrt,,
coding-with-chrome-libraries,JavaScript,24
macops-MOLXPCConnection,Objective-C,26
macops-MOLAuthenticatingURLSession,Objective-C,23
macops-molcodesignchecker,Objective-C,33
macops-molcertificate,Objective-C,36
example-demos-for-msft-workloads,HCL,16
python-adb,Python,1.8k
cronutils,C,119
dmabuf_importer_helper,C,
flutter-desktop-embedding,C++,7.1k
Accessibility-Test-Framework-for-Android,Java,499
devx-tools,Go,73
php-crc32,PHP,186
step197-2020,Java,4
adb-sync,Python,1.1k
mint-line-follower,Python,3
gps-babel-tower,Python,8
simhospital,Go,717
adiantum,C,477
visionai,Python,47
xsecurelock,C,914
cel-policy-templates-go,Go,73
mawfs,Go,63
distla_core,Python,3
abstracttext,JavaScript,78
mobly-snippet-lib,,42
skywater-pdk-libs-sky130_fd_pr,,28
spdm-accelerator-requirement,,2
longbet,C++,24
dexmod,Python,63
space,Python,155
netbsd-gce,Shell,41
neural-tangents,Jupyter Notebook,2.4k
redgrep,C++,162
binja-hexagon,Python,116
hark,,9
mobly-windows,Python,4
tree-sitter-fidl,C,4
bazel_rules_install,Starlark,43
putting-dune,Python,10
hierarchical-state-machine.dart,Dart,36
casa-android,Kotlin,270
security-crawl-maze,HTML,163
cordova-plugin-browsertab,Java,117
csv2pprof,Go,2
compact_enc_det,C,239
grafika,Java,6.1k
gwtmockito,Java,160
navi,Jupyter Notebook,59
eidos-audition,C++,33
alligator2,Python,42
process-tree,C++,3
hashtable-benchmarks,Jupyter Notebook,111
json5format,Rust,111
gemmlowp,C++,1.8k
play-licensing,Java,118
net_http,C++,25
objax,Python,775
safeopen,Go,105
todo-tracks,Go,185
alertmanager-irc-relay,Go,58
crossmodal-3600,HTML,9
piex,C++,51
pkcs11test,C++,81
ceviche-challenges,Python,114
flutter.plugins,Dart,117
DOM-Tutorials,HTML,16
memutil,Python,3
dsg,HTML,2
zoekt,,1.7k
android-lint-performance-probe,Java,157
break-a-scene,Python,525
kinda-tidy,Python,7
asml,,5
impl_trait_utils,Rust,8
fhir-dbt-utils,Shell,14
project-eager,Jupyter Notebook,21
style-aligned,Python,1.3k
gce-rescue,,14
maldoca,C++,66
microscopeimagequality,Python,91
github-owners-bot,JavaScript,50
valid-avatar-library,ShaderLab,51
sgtm-ga4-to-bigquery,Smarty,27
paco,Objective-C,332
ghost-userspace,C,236
waze-ccp-gcp,Python,11
hadoop-migration-assessment-tools,Java,9
outrigger,JavaScript,4
skywater-pdk-libs-sky130_fd_io,Verilog,11
bamboo-soy,Java,48
web-serial-polyfill,TypeScript,137
typograms,JavaScript,1.3k
network-opt,C++,151
nccl-fastsocket,C++,122
cbortree,Java,25
apdu,Kotlin,8
ic-modeling-python,Python,
ads-account-structure-script,JavaScript,27
deshell,,4
ga4-gtm-migration,JavaScript,119
libtracecmd-rs,Rust,25
EtwToPprof,C#,12
basis_universal,C++,10
sqlcommenter-laravel-php,PHP,7
libtrusttoken,C++,15
go-pkcs11,Go,20
github-release-retry,Python,15
java-photoslibrary,Java,113
vertex-ai-nas,Python,30
storybench,Python,51
metamath.js,JavaScript,15
gae-secure-scaffold-python3,Python,32
analytics-settings-database,Python,57
platform_benchmarks,,17
dynibar,Python,813
process.dart,Dart,52
marzipano,JavaScript,2.2k
multispecies-whale-detection,Python,7
oss-vulnerability-guide,,139
osqp-cpp,C++,277
dwh-assessment-extraction-tool,Java,14
go-metrics-stackdriver,Go,31
magritte,C++,441
mobile-data-download,Java,26
brain_autorl,Python,55
usm-voice-transcriber,,
anonymous-counting-tokens,C++,20
sgtm-event-data-filter,Smarty,24
exposure-notifications-android,Java,529
go-cmdtest,Go,180
custom-bidding-script-builder,JavaScript,11
macops-planb,Objective-C,152
knusperli,C++,469
mouse-pose-analysis,C++,13
TensorNetwork,Python,1.9k
trajax,Python,228
mouse-pose-analysis-dataset,Jupyter Notebook,10
splitbrain,Python,20
globalfoundries-pdk-libs-gf180mcu_fd_pr,Python,54
open-vcdiff,C++,205
vulkan_test_applications,C++,72
ads-placement-excluder,Python,10
wwwbasic,JavaScript,1.1k
model-verifier-in-kotlin,Kotlin,6
parallel_accel,Python,3
sycophancy-intervention,Python,117
cyanobyte,Python,82
cpp-smt-wrapper,C++,4
python_portpicker,Python,152
eclipse2017,Python,21
kepler,Python,38
git-appraise,Go,5.3k
GSCXScanner,Objective-C,138
mdoc-credential,Kotlin,9
video-localized-narratives,HTML,60
gradle-thrift-plugin,Java,9
bulkdozer,JavaScript,12
re2d,D,14
gif-for-cli,Python,2.9k
cronet.dart,Dart,119
allstar-config,,37
certificate-transparency,C++,882
aoss-springboot-sample-starter-project,Shell,8
fhir-examples,C++,112
bevy_skybox_cubemap,Rust,17
cvelist,Python,15
mirror-branch-action,TypeScript,25
lasr,Python,172
speech_intelligibility_index,Python,46
coding-competitions-archive,HTML,1.3k
typedoc-neo-theme,HTML,85
CTAP2-test-tool,C++,56
ui-exp-dg,Dart,14
ukip,Python,546
vscode-bigquery,TypeScript,149
mundane,Rust,1.1k
dart_cli_script,Dart,26
logger,Go,889
flutter-stager,Dart,246
exposure-notifications-verification-server,Go,239
exposure-notifications-server,Go,2.6k
go-intervals,Go,140
segment,Go,10
modernstorage,Kotlin,1.2k
mathsteps,JavaScript,2.1k
postcss-src,TypeScript,4
flutter-sw-rend,C++,10
fuchsiaware,TypeScript,17
app-metadata-encoder,Java,5
macops,Python,827
git-appraise-web,HTML,223
gfbuild-angle,Shell,11
gf-layers,C++,7
acai,Java,79
cdep,Java,100
moveit,Rust,168
java-monitoring-client-library,Java,67
software-product-sprint,Java,65
rejoiner,Java,3.7k
vulkan-performance-layers,C++,58
fss_machine_learning,C++,10
globalfoundries-pdk-libs-gf180mcu_fd_pv,Python,13
pix-image-viewer,Rust,156
receipts-to-riches-part2,C#,
rerast,Rust,715
iap-compute-engine-demo,HCL,13
terraform-google-security-health-checker,HCL,15
malt-example-models,,10
trimmed_match,Python,69
gf180mcu-pdk,Makefile,441
language-jsonnet,,26
appengine-java-migration-samples,Java,
cld3,C++,856
building-secure-and-reliable-systems,HTML,127
vim-jsonnet,Vim Script,161
driblet,Python,19
ormolu,Haskell,13
android-classyshark,Java,7.6k
skywater-pdk-libs-sky130_bag3_pr,Python,18
forma,Rust,2.6k
centipede,,252
securemessage,C++,109
groupavail,JavaScript,11
sky90fd-pdk,,121
tsmok,Python,16
flutter-stream-extensions,Dart,17
belief-localization,,61
globalfoundries-pdk-libs-gf180mcu_osu_sc,,8
skywater-pdk-sky130-raw-data,Jupyter Notebook,58
receipts-to-riches-part1,C#,5
v8-snapshot-ghidra-plugin,Java,11
nerfactor,Python,449
elements-sk,HTML,29
common-sk,TypeScript,10
lk_onload_stub,C,8
liquidfun,C++,4.9k
data-pills,Jupyter Notebook,16
guetzli,C++,13k
chat-enhanced,JavaScript,9
archive-patcher,Java,540
product_return_predictor,Python,16
rust-deadlock-avoidance,Rust,43
digitalassetlinks,PureBasic,103
tsunami-security-scanner-testbed,Go,9
vandalir,LLVM,42
adh-deployment-manager,Python,5
lisp-koans,Common Lisp,3.2k
.allstar,,8
ci_edit,Python,228
go-pipeline,Go,100
globalfoundries-pdk-ip-gf180mcu_fd_ip_sram,Verilog,18
lasso,JavaScript,29
webbundle,Rust,101
haskell-trainings,Haskell,1.4k
EXEgesis,C++,281
earthengine-jupyter,Jupyter Notebook,82
bigspicy,Python,40
PINT,C,18
re2-wasm,TypeScript,75
rtb_creative_filtering_report,TypeScript,4
aistplusplus_api,Python,380
watchpresenter,Java,24
budou,Python,1.2k
end-to-end,JavaScript,4.1k
ipaddr-py,Python,195
gce-machine-type-recommendations,JavaScript,6
libsbc,C,24
hdrnet,Python,851
gke-cloud-dns-tls,Python,15
usd_from_gltf,C++,572
volux-gan,Python,29
rust-design-faq,,18
JacquardSDKiOS,Swift,21
tfjs-mnist-workshop,Jupyter Notebook,7
mentornet,Python,323
next-prediction,Python,356
JacquardSDKAndroid,Java,20
python-temescal,Python,24
pik,C++,834
TrustScore,Jupyter Notebook,177
python-security-manager,Python,36
memcpy-gemm,C++,16
vertex-ai-benchmarker,Java,10
easypki,Go,593
vim-maktaba,Vim Script,589
polynomial-practice,HTML,5
HyperCompressBench,Python,17
profiling-data-processing-model-isca23-ae,Python,9
monologue,Go,40
support-case-notifications,Shell,12
ml-fairness-gym,Python,316
dreambooth,,998
tekton-slsa-demo,Shell,9
mathfu,C++,1.4k
draft-todo-chariton-dns-account-01,Dockerfile,4
omnimatte-sp,Python,11
samurai,Python,121
grpc-java-bazel-minimal,Java,8
monster-mash,C++,1.3k
skywater-pdk-libs-sky130_fd_sc_hd,Verilog,18
huproxy,Go,422
pageloader,Dart,40
gumbo-parser,HTML,5.2k
greasy,Shell,6
vim-ft-go,Vim Script,54
baby-alligator,JavaScript,3
copr-sundry,Shell,14
cloud-resource-manager,Shell,22
pub_cache,Dart,18
sa360-webquery-bigquery,Java,16
ndprbrd,C++,39
google-id-token,Ruby,75
cast-moderator-centipede,C++,10
floody,Java,3
functional-objc,Objective-C,350
sealedcomputing,C++,8
ngx_token_binding,C,45
iosched,Kotlin,22k
earthenterprise,C++,2.7k
anthos-microk8s,HCL,30
saka,Python,6
subpar,Python,568
device-access-sample-web-app,JavaScript,34
vim-glaive,Vim Script,77
virtual-authenticators-tab,JavaScript,179
active-learning,Python,1.2k
globalfoundries-pdk-libs-gf180mcu_fd_sc_mcu9t5v0,Verilog,18
globalfoundries-pdk-libs-gf180mcu_fd_io,Verilog,14
globalfoundries-pdk-libs-gf180mcu_fd_sc_mcu7t5v0,Verilog,26
attention-center,Python,121
backup-dr-custom-roles,Shell,4
profit-bidder,Shell,3
chartjs.dart,Dart,143
vim-colorscheme-primary,Vim Script,268
google-drive-dokany,C,33
charts,Dart,2.8k
ubntools,Go,18
FluidNet,Lua,755
gofuzz,Go,1.5k
minetest_pnr,Rust,18
auto-disposable,Dart,14
tuneup.dart,Dart,52
flutter_minimal_store,Dart,23
jax-recommenders,Python,11
plb,,25
randomized-graphics-shaders,GLSL,7
sshkey-audit,Go,66
chive-varying-prosody-icml-2019,HTML,7
processingjs-ide,JavaScript,22
applied-data-structures-algorithms,Jupyter Notebook,26
referring-manipulation,Python,9
cpu-check,C++,61
repository-lifecycle,Dart,10
flutter_async_storage,Dart,15
beautiful-audio-editor,JavaScript,93
deepdream,,13k
peg-typed,Kotlin,4
nanolibc,C,12
blockly-devtools,JavaScript,60
mipnerf,Python,933
decoder-benchmarks-for-rust,Rust,5
asset-inventory-worksheet,Python,9
creatine-ads-inspector,Java,10
mysql-protobuf,C++,131
qrisp,C++,11
safe-html-types,Java,60
ios-device-control,Java,43
liburing_cpp,C++,17
nogotofail,Python,2.9k
tangent,Python,2.3k
libsxg,C,54
calliope-paper-robot,,10
zuckerli,C++,28
transitfeed,Python,690
roughtime,,11
fplbase,C++,198
skywater-pdks,,8
hilbert,Go,286
mcp2221-rs,Rust,7
mirandum,Python,12
vim-coverage,Vim Script,104
dart-json_diff,Dart,74
mystyle,Python,129
web-bsd-hunt,Go,36
vk_callback_swapchain,C++,9
butteraugli,C++,2k
spirv-tutor,Shell,78
stm32-bootloader-client-rs,Rust,13
gfw-deployments,Python,78
coop-analytics,Python,10
fledge-key-value-server,,3
ms-tpm-20-ref,C,4
libprotobuf-mutator-asn1,C++,19
open-source-pdks,,108
magic-github-proxy,Python,149
codeu-starter-project,Java,12
codeu_project_2018,Java,12
u2f-ref-code,JavaScript,588
google-drive-proxy,C#,87
google-drive-shell-extension,C++,159
chive-prosody,HTML,5
cross-device-sdk,Kotlin,98
schemaorg-java,Java,75
crumsort-rs,Rust,168
plusfish,C++,28
sqlcommenter-php,PHP,9
connectedappssdk,Java,9
go-cabfile,Go,9
GCP-deployment-scripts-for-PI-Core,PowerShell,8
WebFundamentals,JavaScript,14k
go-flow-levee,Go,194
chiplets-cost-model,Python,24
chatbase-python,Python,76
kiosk-app-reference-implementation,Kotlin,17
ai-weather-climate,Python,17
viai-sdk,Python,7
skywater-pdk-ip-sky90fd_fd_ip_sram,,9
skywater-pdk-libs-sky90fd_fd_io,,4
skywater-pdk-libs-sky90fd_fd_pr,,6
skywater-pdk-libs-sky90fd_fd_sc,,5
skywater-pdk-libs-sky90fd_osu_sc,,4
one-weird-trick,Jupyter Notebook,15
pmax_migration,Python,4
stable-retraining-conversational-agents,,2
go-pcie-tlp,Go,42
globalfoundries-pdks,,50
globalfoundries-pdk-libs-gf180mcu_fd_bd_sram,,10
HyperProtoBench,C++,18
live-transcribe-speech-engine,Java,1.5k
sxg-validator,JavaScript,4
rappor,R,869
bazel-to-cmake,Python,204
e3d_lstm,Python,205
santa-tracker-android,Java,2.1k
log4jscanner,Go,1.6k
zoom-to-inpaint,Python,21
chrometracing,Go,45
DAPLink-port,C,18
causalexpanalysis,R,20
poweranalysis,R,8
MOE,Java,422
tritious,JavaScript,7
dcm-trix-addon,JavaScript,12
argtail-check,Go,7
squidwarden,Go,60
qhbm-library,Python,43
BEGIN-dataset,,39
randen,C++,337
tock-on-titan,Rust,56
makerspace-lipo-charger,Makefile,9
ion,C++,1.4k
makerspace-partsbin,Python,17
import-mailbox-to-gmail,Python,346
tf_mesh_renderer,Python,497
ctfscoreboard,Python,171
cocoapods-size,Python,237
cluster-scheduler-simulator,Scala,170
dokka,Kotlin,16
etc2comp,C++,387
periph,Go,1.7k
tensorflow-recorder,Python,180
hotel-ads-etl-tool,Python,9
budget-protector,JavaScript,5
jsontoken,Java,18
infra-structured-map,Java,8
martian-java,Java,12
i18n_sanitycheck,Java,14
nel-reporter-java,Java,15
gtm-currency-rates-sync,JavaScript,14
embed-dart-vm,C++,99
Kotlin-FirViewer,Kotlin,51
cwisstable,C++,158
swift-jupyter,Python,623
bongo,Rust,23
gfbuild-shadertrap,Shell,3
google-my-business-samples,Python,133
swift-benchmark,Swift,936
tmppy,Python,34
radium,HTML,9
libcppbor,C++,8
AndroidForegroundCompat,Java,65
airdialogue,Python,45
aistreamer,C++,150
skywater-pdk-libs-sky130_fd_pr_reram,,41
sample-sql-translator,Python,52
gfbuild-SPIRV-Tools,Shell,11
vapso,JavaScript,5
llvm-bazel,Starlark,170
asylo,C++,980
knative-gcp,Go,161
fractribution,Python,56
github_actions_playground,Python,8
nanopb-cpputest-comparators,C++,4
tweakr-codelab,Kotlin,
where-am-i,Kotlin,37
responsible-innovation,Jupyter Notebook,9
blockbuster,Python,5
ekep-analysis,Shell,8
android-gradle-dsl,HTML,785
gitiles,Java,603
security-annotation-tools,Kotlin,7
rfmt,Python,86
java-run,Java,5
quiver-log,Dart,24
hardware-perfcounter,C,93
gfbuild-graphicsfuzz,Shell,7
dv360_feature_adoption,JavaScript,6
cortex-demos,C++,12
universal-dash-transmuxer,C++,55
physics-math-tutorials,Jupyter Notebook,10
longt5,,2
gcb-tools,Go,5
scrollytell,TypeScript,64
wide_bnn_sampling,Python,7
dynamic-video-depth,Python,270
gnostic-go-generator,Go,49
IdleWakeups,C#,10
java-video-live-stream,Shell,3
depan,Java,91
disapproved-ads-auditor,Python,18
hs-ten,Haskell,4
hs-portray,Haskell,6
dtraceStacksToPprof,Go,6
grumpy,Go,11k
web-prototyping-tool,TypeScript,29
rust-async-coap,Rust,50
agera,Java,7.2k
html-quiz,JavaScript,114
fledge-shim,TypeScript,23
rainbow,C++,6
secret-manager-with-sendgrid,Python,10
standard-payments,,5
vulncode-db,Python,577
ktsan,,569
inspectorspacetime,JavaScript,175
bi-tempered-loss,Python,147
go-cpy,Go,43
exists-ref,Rust,4
nucleus,C++,796
crclib.dart,Dart,23
overcoming-conflicting-data,,4
pezl,Go,6
aiyprojects-raspbian,Python,1.7k
cuckoo-index,C++,129
goexpect,Go,758
observable,Dart,60
mechahamster,C#,509
REAPER,C++,407
ghost-dataplane,C++,9
music-synthesizer-for-android,Jupyter Notebook,434
ga-serverless-streaming,Python,14
pyaedj,Python,9
structured_labels,Python,5
svcca,Jupyter Notebook,639
orthotope,Haskell,11
ezgantt,JavaScript,102
videotts,JavaScript,3
hs-dependent-literals,Haskell,4
floodlight-audit,JavaScript,11
nginx-sxg-module,C,83
climb-tracker,Java,33
hs-numeric-logarithms,Haskell,3
hs-collate,Haskell,3
hs-batching,Haskell,3
hs-fin-vec,Haskell,3
hs-niche-containers,Haskell,3
hs-attenuation,Haskell,3
hs-wrapped,Haskell,3
closure-stylesheets,Java,315
cloudprober,Go,1.4k
h2e_technical_documentation,,467
integers,C++,188
makani,C++,1.2k
youtube-8m,Python,2.4k
amt-forensics,Python,49
healthcare-text-annotation,,43
PS3ControllerAutoSleep,AppleScript,11
skywater-pdk-libs-sky130_fd_bd_sram,,22
paragraph,C++,14
private-retrieval,Java,41
google-visualization-python,Python,135
flutter_flux,Dart,376
go-pbmoney,Go,38
farmhash,C++,644
actions-on-google-template-sdk,,14
startup-os,Java,687
phoneme-aligned-graphemes-in-tts,HTML,4
RED,MATLAB,116
segy-stack,C++,27
php-photoslibrary,PHP,92
xsecurelock-saver-rs,Rust,14
floq-client,Python,19
upvote_py2,Python,452
gomemcache,Go,22
autocjk,Python,13
exposure-notifications-internals,Java,139
gfbuild-amber,Shell,5
lexical-masks,Python,8
mimosa,C++,21
aistplusplus_dataset,JavaScript,16
gfbuild-glslang,Shell,7
android-cuttlefish-authentication,Python,4
language-resources,C++,386
infact,C++,74
localized-narratives,HTML,86
platforms-bios-buildenv,Dockerfile,6
x509test,Python,43
percy-node,JavaScript,19
web_notifications.dart,Dart,13
LLpatch,C++,37
compare-codecs,Python,50
certificate-transparency-rfcs,Python,80
librato.dart,Dart,5
kasane,Python,172
cloud-print-connector,Go,765
gcm,Java,823
schism,Scheme,1.3k
concourse-resources,Go,29
gtm-oauth2,Objective-C,127
traceout,Go,19
go-patchutils,Go,26
disable-keyboard-shortcuts,Makefile,35
aiyprojects-raspbian-tools,Python,12
explaining-in-style,Jupyter Notebook,223
fuzzer-test-suite,C,1.5k
vulkan-pre-rotation-demo,C++,24
gfbuild-llpc,Shell,7
intellij-kotlin,Kotlin,4
emu-control,Go,7
deluca-lung,Python,5
ehr-predictions,Python,107
aichoreographer,HTML,20
makerfaire-booth,Python,14
lovefield,JavaScript,6.8k
testimony,Go,108
vim-selector,Vim Script,17
cpp-proto-builder,C++,4
open-chiplet,,27
trusted-worklet-server,C++,4
trusted-key-value-server,C++,3
prediction_framework,Python,43
deluca-igpc,Jupyter Notebook,7
cssi-labs,HTML,34
stenographer,Go,1.8k
usb-cereal,HTML,92
rtb_troubleshooting_connector,JavaScript,2
nsc-tutorial,Jupyter Notebook,4
hrepl,Haskell,49
dv-3po,JavaScript,5
CSP-Validator,Python,27
gsrsup,C++,5
AFL,C,4k
keytransparency,Go,1.6k
gitprotocolio,Go,400
libpam-policycache,C,34
pikov,Jupyter Notebook,17
federated-ml-health,Jupyter Notebook,14
rich-test-results,Java,55
neural-light-transport,Python,277
codeu_project_2017,Java,98
gfbuild-swiftshader,Shell,9
python-cloud-utils,Python,23
domaintest,Java,71
mysteryofthreebots,TypeScript,44
dnae,Python,9
last-fm-dashboard,JavaScript,16
guice-aqueduct,Java,11
hana-bq-beam-connector,,6
stress_transfer,Python,8
arithmancer,Python,63
contentbox,CSS,35
maps-for-work-samples,,140
java-sourcetools,Java,8
gwteventbinder,Java,141
usbinfo,Python,40
flutter-provide,Dart,804
closure-builder,JavaScript,65
dv360-api,JavaScript,36
resumable-assert,C,176
auction-insights-visualization,JavaScript,17
asylo-site,HTML,22
asylo-examples,C++,23
shenzhen-go,JavaScript,464
dv360-automation,Jupyter Notebook,20
swiftlogfirecloud,Swift,18
bband-adaband,MATLAB,18
skywater-pdk-actions,Python,13
openssl-tests,Makefile,14
hover,Java,2.6k
opensmartbutton,C,6
talos-dv360,JavaScript,5
hammer-kit,C,78
devsite-template,,3
mosaic,Rust,17
tcpauth,C,100
recog,JavaScript,5
transperf,Python,210
rescue-tools-reiserfs,Python,5
localsubnetsetd,Python,6
experience-accessibility,Java,25
ihmehimmeli,C++,144
kube-node-tracer,Shell,9
fidi,C++,10
proto-quic,,1.2k
transmat,TypeScript,507
git-presubmit-linter,Shell,41
pyvisionproductsearch,Python,9
blueprint,Go,352
mysql-ripple,C++,377
skywater-pdk-libs-sky130_fd_sc_hdll,Verilog,7
skywater-pdk-libs-sky130_fd_sc_hs,Verilog,5
skywater-pdk-libs-sky130_fd_sc_hvl,Verilog,4
skywater-pdk-libs-sky130_fd_sc_ls,Verilog,5
skywater-pdk-libs-sky130_fd_sc_ms,Verilog,5
skywater-pdk-libs-sky130_fd_sc_lp,Verilog,8
coapblaster,Java,39
formal-ml,Lean,25
cabal2bazel,Starlark,42
ffcc,MATLAB,217
retriever_parsing,Python,9
custom-tab-groups,JavaScript,4
prog-edu-assistant-quizzes,Jupyter Notebook,6
pygtrie,Python,824
pcbdl,Python,182
look-before-you-speak,HTML,5
applied-machine-learning-intensive,Jupyter Notebook,150
tirg,Python,304
autobidding-readiness-monitor,Python,9
merror,C++,6
actions-on-google-flashcards-template-sdk,JavaScript,9
actions-on-google-trivia-template-sdk,JavaScript,18
splot-java,Java,16
hotel-booking-api-validator,Go,19
googlesource-auth-tools,Go,17
starlark-rust,,193
protodatastore-cpp,C++,5
dspl,Python,63
pinject,Python,1.3k
wasserstein-dist,Python,73
dotty,Python,49
go-pcie-screamer,Go,30
sge-monorepo,Go,72
http_pattern_matcher,C++,5
brailleback,Java,33
hubvantage,JavaScript,6
example_extrapolation,Python,9
security-research-pocs,C++,1.9k
ga360-bqml-toolkit,Jupyter Notebook,8
pytruth,Python,159
android-emulator-m1-preview,,1.9k
nitroml,Jupyter Notebook,43
perforce-utils,Shell,9
arrow-logo,Dart,15
stm32_bare_lib,C,133
usbmon,C,61
timecast,Python,16
tcav-for-ehr,Python,6
dicomproxy,Java,7
idaidle,CMake,31
forklift,JavaScript,10
ftc-object-detection,C++,43
containerregistry,Python,212
open-location-code-swift,Swift,49
midi-dump-tools,C,30
sky-optimization,,56
image-supplemental-feed-creator,Python,3
compare_gan,Python,1.8k
zeroshell-linode,Shell,14
apis-client-generator,Python,162
gae-secure-scaffold-python,Python,111
dart-gl,C++,92
network-mapper,,52
mako,C++,57
sling,C++,1.9k
tie,JavaScript,361
citest,Python,60
spindle-dv360,Python,13
canvas-5-polyfill,JavaScript,192
trueview-sdf-generator,JavaScript,5
mannequinchallenge,Python,496
skicka,Go,1.3k
cauliflowervest,Python,278
vsaq,JavaScript,856
StrawNet,HTML,4
retiming,Python,176
aistreams,C++,7
safeside,C++,505
blockly-ios,Swift,409
open-gantry,CSS,10
swift,,836
coursebuilder-core,Python,147
hypebot,Python,16
python-lakeside,Python,47
path-auditor,C++,252
xscreensaver-dbus,Haskell,4
tim-gan,Python,12
swift-structural,Swift,33
spherical-harmonics,C++,552
spatiotemporal-graphnn-tf,Jupyter Notebook,6
reftable,C,37
google-reauth-python,Python,12
vogon,JavaScript,108
automl-video-ondevice,Python,54
gulava,Java,45
analytics-audience-automation-tool,JavaScript,8
gxui,Go,4.4k
python-laurel,Python,60
nvidia_libs_test,C++,53
breadboard,C++,120
xssxss,C,3
vc-defer,Emacs Lisp,14
device-access-codelab-web-app,JavaScript,12
firing-range,Java,1.4k
CTAP2-test-tool-corpus,,7
portrait-shadow-manipulation,Jupyter Notebook,302
google-api-java-client-samples,Java,741
libprio-cc,C++,8
favcolor-server,Ruby,8
wmt19-paraphrased-references,,15
speed-opportunity-finder,Python,10
kilt,Go,12
context-expression-nature-study,MATLAB,19
modem,Jupyter Notebook,41
roman-word-bubbling,CSS,6
ct-hackday-schwag,Go,12
p4-pdpi,C++,16
angular-a11y-workshop,TypeScript,9
angular_cli,Dart,63
binnavi,Java,2.9k
vkb,CMake,10
cluster-scoped-cicd,Makefile,10
autol2,Python,7
ssl_logger,Python,1.1k
rekall-profiles,HTML,100
rekall,Python,2k
seq2seq,Python,5.6k
inject.dart,Dart,867
tinkCryptoHelper,Java,6
in-silico-labeling,Python,262
berrydb,C++,66
android-arscblamer,Java,946
render-timing-for-unity,C++,167
tcp_killer,Python,214
supersonic,C++,207
files.dart,Dart,21
region-flags,HTML,210
it-cert-automation,Python,18
fhir-ml,,3
it-cert-automation-project,Python,22
jws,Python,61
ruby-openid-apps-discovery,Ruby,38
x,,4
orchestra,Python,51
gke-auditor,Java,74
google-authenticator,Java,5.3k
box2d.dart,Dart,117
dart-scissors,Dart,34
dart-glfw,C++,37
gtm-http-fetcher,Objective-C,57
DirectXShaderCompiler,C++,54
llvm-project,C++,8
google-apputils,Python,38
chrome-opt-out-extension,JavaScript,12
meet-on-fhir,JavaScript,27
bgu,C++,155
actions-on-google-pq2-template-sdk,JavaScript,14
cpp-async-rpc,C++,76
article-recommender,Python,12
opencasebook,Ruby,77
goterm,Go,216
spectral-density,Python,124
soong_verification,Lean,13
causal-panel-synthetic-data,R,10
wicked-good-xpath,JavaScript,289
gcp-fwrule-open-domain,Shell,6
b-con,Python,6
x-amber,C,162
debaised-analysis,HTML,3
fusion-power-video,C++,15
cloud-network-reachability,,5
zero-touch-reseller-tool,Java,3
controlled-noisy-web-labels,HTML,5
walk,C,76
dv360-bidbyweather,JavaScript,11
self-published-geo,Python,14
iosched-ios,Swift,254
pymql,Python,21
asset-check,JavaScript,24
agency-ads-management-solutions,JavaScript,12
compynator,Python,90
edf,Go,15
mlir-npcomp,,51
knowledge-base-gmail-addon,JavaScript,7
closure-compiler-js,JavaScript,1.8k
py-ast-utils,Python,18
sonic-p4rt,,3
repose,Python,5
or-models,,3
git-sync-changes,Shell,42
airdialogue_model,Python,17
iot-environment-sensors,C++,13
gvisor-containerd-shim,Go,81
lipsync,JavaScript,224
prochlo,C++,34
python-gflags,Python,188
rtc-video-quality,Python,116
loaner,Python,170
tpm-js,C++,138
cloud-network-reachabilty,,3
wikiloop-analysis,Python,4
draft-irtf-cfrg-vrf,Go,30
tock,Rust,12
ringdroid,Java,854
triemap,Go,14
framecount-colorbars-v1,Java,4
casfs,Python,17
python-atfork,Python,25
python-subprocess32,Python,173
where-is-my-watch,,
novm,Go,1.7k
pam-cryptsetup,C,36
parallel-chunks,Python,6
google-authenticator-android,Java,1.7k
responsive-search-ads-builder,JavaScript,8
categorybuilder,Python,99
capsicum-linux,C,210
cmockery,Shell,1.1k
CurbsidePickup,JavaScript,4
androiddevicesjs,TypeScript,6
google-input-tools,JavaScript,265
weighted-dict,Python,19
samba-documents-provider,Java,666
cartoonset,HTML,15
gvisor-website,HTML,14
prettytensor,Python,1.2k
vmregistry,Go,25
HardwarePrototypingToolkit,,4
gapid-dev-releases,,17
applied-computing-series,Python,14
cloudprint_logocert,Python,27
tflow2,Go,39
dart_google_apps,Dart,24
blockly-tools,Shell,17
covid19-face-shield,,10
lvmd,Go,28
chrome-media-audio-papers,HTML,7
git-rebaser,Python,13
adcase,Python,7
powered-caster-vehicle,C++,16
play-instant-unity-plugin,C#,149
git-appraise-eclipse,Java,36
python-fanotify,C,57
slothfs,Go,59
emoticon-composer-font,HTML,12
cloud-analytics-ts,TypeScript,6
angular_node_bind.dart,Dart,26
allied-oscillators,JavaScript,9
create-framework,Dart,6
wayback-machine-button,JavaScript,11
certificate-maker,JavaScript,126
night-sight,,82
galogen,C++,51
chatbase-node,JavaScript,80
guava-js-umd,JavaScript,6
NeuroNER-CSPMC,Python,12
cxx-std-draft,TeX,53
revisiting-self-supervised,Python,353
jacs,Python,13
cameraview,Java,4.7k
gulp-google-closure-deps,JavaScript,4
gerrit-linter,Go,27
sprockets,Python,11
restor,Objective-C,226
blockly-experimental,JavaScript,8
OctoPrint-LEDStripControl,Python,64
OctoPrint-TemperatureFailsafe,Python,27
OctoPrint-HeaterTimeout,Python,13
palette.js,JavaScript,589
certificate-transparency-java,Java,41
AppSpeedIndex,Python,13
gpu-runtime,C++,18
gcnn-survey-paper,Python,174
apps_script_tools,Dart,26
macops-keychainminder,Objective-C,95
embedding-tests,Python,17
tracing-framework,JavaScript,2.6k
netstack,Go,3.1k
multi-task-architecture-search,Python,12
pyringe,Python,1.6k
eddystone,C,3.1k
statechart,C++,121
deputy-api-python-client,Python,9
checkers,Python,17
shlex,Go,190
nixysa,Python,10
szl,C++,70
abpackage,R,68
gps_data_solutions,Go,4
sredocs,Go,48
tiff,Go,70
google-api-ruby-client-samples,,330
gpu-mux,Python,42
jarvan,Python,4
enjarify,Python,2.7k
orderedcode,Go,41
wikiloop-wikidata-game,JavaScript,5
automation-inspector,JavaScript,29
floog,TSQL,6
icing-search,,3
distributed-git-forks,Shell,22
phase-prediction,HTML,4
campaign-manager-bulk-uploader,Python,10
swift-lldb,C++,10
swift-clang,C++,8
swift-llvm,LLVM,8
swift-corelibs-libdispatch,C,5
swift-corelibs-foundation,C,5
mr4c,Java,907
graph-gen,Python,6
sa360-bidbyweather,JavaScript,5
swift-corelibs-xctest,Swift,5
gfbuild-SPIRV-Cross,,3
MOE-py,Java,7
cloud-function-edit-drive-permissions,Python,16
GeoexperimentsResearch,R,140
image-compression,C++,78
gdata-python-client,HTML,450
pixelvisualcorecamera,Java,115
vim-searchindex,Vim Script,369
retrieval-qa-eval,Python,42
cap-library,HTML,86
pulito,JavaScript,43
neural_rerendering_in_the_wild,Python,208
rxcppuniq,C++,13
charted,Dart,157
boundedwait,Go,7
fleetspeak-doc,,4
earthstudio-ffmpeg-automator,Shell,11
page-timer,JavaScript,100
dpy,Python,63
crunchy,C++,126
dimsum,C++,171
copper,Python,16
cpix_cc,C++,16
intellij-protocol-buffer-editor,Java,20
vim-codereview,Vim Script,75
vim-syncopate,Vim Script,90
grpc-kapt,Kotlin,26
swift-package-manager,Swift,8
webview-local-server,Java,109
kleaver,C,9
gocw,Go,19
pyctr,Python,23
blockly-android,Java,680
android-kerberos-authenticator,Java,32
uiimage-additions,Objective-C,25
emitto,Go,13
stereo-magnification,Python,406
ldpush,Python,37
googlemock,,433
battery-historian,Go,5.4k
graph_distillation,Python,65
byterun,Python,17
wear-sensors,Java,52
wear-screeninfo,Java,29
wear-displaylock,Java,5
cm-user-tool,JavaScript,5
science-journal-arduino,C,150
nel-collector,Go,40
google-api-cpp-client,C++,303
libcxx,C++,192
vectorio,Go,98
openjdk-kerberos,Java,10
astc-codec,C++,73
atlassian-addons-audit-sheet,Python,11
protorpc,Python,69
kiwi-solver,Java,53
cssi-blogasaurus,HTML,7
gpu-emulation-stress-test,C++,79
rust-shell,Rust,225
git-phabricator-mirror,Go,30
prometheus-slo-burn-example,Go,142
bookbot-navigation,C++,13
android-wear-stitch-script,Python,39
squires,Python,15
web-activities,JavaScript,51
keyczar,,1.1k
neural-logic-machines,Python,293
sha1dc-jni,Java,5
flatui,C++,651
motive,C++,202
expt-analysis,Python,7
chromeosnavigationdemo,Kotlin,10
github-issue-mover,Dart,612
gjstest,C++,129
godepq,Go,335
harpia,Shell,15
pjflate,Java,6
us-altgr-intl,Perl,16
error-prone-javac,Java,36
gwt-charts,Java,25
git-patrol,Python,9
horenso,Perl,63
n-digit-mnist,Python,46
pagespeed-inslides,JavaScript,58
go-structeditor,Go,41
navc,Go,60
ios-chatbot,Objective-C,93
codemirror-mode-jsonnet,JavaScript,19
ps_log,PowerShell,15
support-tools,Python,29
wikiloop-datasets,,7
heroku-buildpack-bazel,Shell,8
skylark,Go,1.2k
image-rebase,Go,38
zsldemo,Kotlin,20
easy-grid,JavaScript,37
keps,Go,9
hyou,Python,109
shipshape,Go,270
glslang,,36
quark,C,10
vr180,Java,55
orismologer,Go,11
chord,JavaScript,28
qpp,JavaScript,43
go-microservice-helpers,Go,418
node-sec-roadmap,JavaScript,173
gdata-java-client,Java,136
gtm_load_timer,Objective-C,44
hangouts-chat-bot-cloud-function-nodejs-example,JavaScript,16
googletv-android-samples,Java,165
dbm-lineitem-copier,JavaScript,13
dcm-bulk-trafficking,JavaScript,11
google-api-objectivec-client,,303
radioreceiver,JavaScript,411
meta_tagger,Python,48
btls,Haskell,15
opuscpp,C++,28
credstore,Go,87
khll-paper-experiments,,12
link022,Go,121
capillary,Java,500
active-qa,Python,343
python-dimond,Python,31
detectorgraph,C++,46
node-dependency-analysis,TypeScript,16
syzygy,C++,377
physical-web,Java,6k
ioweb2016,HTML,519
blue-green-deployment-controller,Go,53
cornerstone,JavaScript,7
appengine-jenkins,Shell,36
Safelight,JavaScript,22
blkcgroup,Python,11
cpython-pt,Python,12
protobuf-dt,Java,40
cpp-netlib,C++,344
mysql,C++,52
sawbuck,C++,112
uribeacon,,410
ohmu,C++,107
recki-ct,PHP,551
url_diff,Python,98
filesystem-proposal,C++,19
developer.github.com,Ruby,23
helloargdx,Java,56
emoji4unicode,Python,53
closure-linter,Python,113
ced,C++,58
mozart,Python,12
python-yaml-config,Python,14
cloud-berg,Python,26
fast-optimized-community-significance,R,5
binplist,Python,53
svalbard,Go,35
go-write,Go,3
cornerstoneWADOImageLoader,JavaScript,5
cornerstoneTools,JavaScript,5
sa360-bulk-editor,JavaScript,5
election-au-2016,Go,100
fancy-regex,Rust,165
realestate10k,HTML,6
asymproj_edge_dnn,Python,25
google-gdata,C#,15
bottlerocket,Scala,110
pandas,Python,27
cog,Python,44
bottery,JavaScript,3.3k
sa360-flightsfeed,JavaScript,13
audio-sync-kit,Python,110
BucketServer,Go,7
ORFConverter,C#,5
chatbase-dotnet,C#,22
dtask,C,27
virtual-tutors,HTML,6
ioweb2015,JavaScript,680
minions,Go,132
gdata-objectivec-client,Objective-C,186
macops-MOLFCMClient,Objective-C,13
detangle,JavaScript,171
pg_page_verification,C,110
layered-scene-inference,Python,87
chaps-linux,Makefile,37
amp-toolbox,JavaScript,12
quickshift,C++,70
web-audio-recognition,Jupyter Notebook,83
coursebuilder-resources,Shell,15
0x0g-2018-badge,C,19
dbm-trix-addon,JavaScript,6
fplutil,Python,335
coursebuilder-releases,,26
google-visualization-java,Java,34
asr-recipes,Shell,17
identity-aware-prober,Go,12
xrtl,C++,131
token_bind,C,19
differentiable-atomistic-potentials,Python,56
swift-integration-tests,Python,6
swift-compiler-rt,C,5
swift-llbuild,C++,5
swift-cmark,C,5
maddpg-replication,Jupyter Notebook,32
node-armor,,4
virtualdesktops-extension,JavaScript,24
nips_assignments,C++,14
sparrowhawk,Shell,212
zooshi,C++,291
http_prefetching,JavaScript,8
kv-s3105c,C,6
fastboot-mobile,Kotlin,81
amss,R,50
search-samples,Java,549
abstreet,Rust,36
dl_bounds,Python,17
chrome-tabber,JavaScript,14
beacon-platform,,391
dcm_bulk_onboarding,JavaScript,7
fast-simple-lcsk,C++,21
dcm-video-uploader,Python,9
TouchTime,Java,39
uniflow-polymer,HTML,165
rally,Java,38
teknowledge,Python,30
clerk,C++,38
ahdlc,C,14
aperture_supervision,Python,33
YetAnotherChatApp,Java,9
grittibanzli,C++,27
ds-trix-addon,JavaScript,16
hat-backup,Rust,252
angular-sticky-element,TypeScript,22
vae-seq,Python,177
cloud-cup,JavaScript,23
cloud-cup-android,Java,51
fest,,10
decoupled_gaussian_process,Python,24
safevarargs,,7
opentest,,3
encrypted-bigquery-client,Python,175
rbe-integration-test,Python,6
chained-promise,TypeScript,53
synergyfinderengineered,R,8
amp-client-id-library,JavaScript,11
go-trace,Go,31
hell0world-curriculum,HTML,7
intelligent_annotation_dialogs,Jupyter Notebook,29
cornerstoneMath,JavaScript,7
burst-denoising,Python,247
generativemloncloud,Python,58
aiyprojects-deeplearn-tensorflow,TypeScript,39
tensorflow-tools,JavaScript,17
hugeml,,6
coq-bpf,Coq,19
pinotify,Java,6
CallBuilder,Java,105
catnip,Python,26
yaricv32,Verilog,11
unigem-objective-c,Objective-C,25
speech_style_transfer,HTML,4
perf_api.dart,Dart,9
golden,Go,54
latency-benchmark,C,446
joint_vae,OpenEdge ABL,36
stumblybot,Python,25
mt,C++,52
cornerstoneWebImageLoader,JavaScript,5
streamy-dart,Dart,61
dicomParser,JavaScript,7
vulkan-cpp-library,C++,250
bbcpu,Verilog,16
dev-on-chromeos-gce-setup,Shell,7
pbvi,Python,8
capture-thread,C++,100
pblog,C,29
text2text,Python,55
ce-open-data-set,,8
voice-iot-maker-demo,JavaScript,69
terminal-app-function-keys,Python,89
FakeMaker,JavaScript,22
genomics-protos,Python,13
clicktrackers-panel,Python,7
yara-procdump-python,C,11
streaming_hdp,Go,4
coursebuilder-android-container-module,Python,23
sync3k-server,Scala,21
tern-closure,JavaScript,33
helm-broker,Go,33
ndash,C++,40
VRD,Python,6
sync3k-client,TypeScript,19
acme,Go,382
dart-sync-webdriver,Dart,22
dart-sync-socket,Dart,25
Legilimency,Python,114
mipsqa,Python,26
devicehub,Java,11
gtd-txt,Shell,21
bitutils,Python,16
sonic-midi,Ruby,17
gumbel_sinkhorn,Python,76
arc-xcode-test-engine,PHP,35
energystrategies,TypeScript,15
marmot,Go,189
clojure-turtle,Clojure,428
dev-on-chromeos-che,,5
dev-on-chromeos-openvpn,Shell,12
keytransparency-java,Java,6
bocado,Python,9
anvil-build,Python,58
river,,4
trix-auto-complete,JavaScript,17
MAB,R,38
idris-protobuf,Idris,32
energysimulation,Jupyter Notebook,72
pyrios,Go,61
thread-weaver,Java,309
cwd_jmp,Shell,8
kratu,JavaScript,283
codeu_coding_assessment_b_2017,Java,9
coverage,Emacs Lisp,28
ts-gulp,,2
git-annex-external-gcs,,4
makerspace-emonth,KiCad Layout,8
paper-gui,HTML,51
testrunner-rosemary,Java,3
spline,Java,28
creatism,HTML,29
mockable_filesystem.dart,Dart,12
okay,Go,22
metaserver,Go,10
microdhcpd,Go,15
pubkeystore,Go,23
unimorph,HTML,20
GL-Shader-Validator,Python,40
light-my-piano,Python,89
grr_go_client,Go,5
fury,Go,35
grr_go_api_client,Go,5
rttcp,Python,33
functions-demo,JavaScript,6
packet-queue,Python,31
easybundler,Java,54
chkstream,Python,18
glmmplus,R,12
codeu_coding_assessment_2017,Java,10
address-geocoder-js,HTML,11
classp,Bison,169
xmpmeta,C++,19
depth_fusion,C++,18
amp-pwa-demo,JavaScript,113
Zhi,Python,28
agata,JavaScript,14
prerender-test,JavaScript,15
audit-normalmap,C,15
varstruct,C++,18
emre,C++,13
simple-reinforcement-learning,Python,58
homebrew-google-authenticator,Ruby,29
request-test,Python,6
blockly-repo,,10
pindrop,C++,142
goldfinch,,64
scene_lab,C++,57
corgi,C++,251
dropzone-polyfill,HTML,5
ot-crdt-papers,JavaScript,249
windowtester,Java,19
fpc,C,29
fchan-go,Go,311
xdelta3-decoder-js,C,13
appengine-phabricator,Shell,19
cpp-frp,C++,70
yang_vocoder,MATLAB,91
keystone,Elm,31
adapt-googleanalytics,JavaScript,8
deepboost,C++,154
mcic-coco,,24
readahead,Go,136
source_transformer.dart,Dart,9
mcafp,Python,38
gtm-oauth,Objective-C,24
morphie,C++,23
libgep,C++,55
smilesparser,Python,13
built_json.dart,,19
conferenceDB,HTML,9
indexable-pwa-samples,JavaScript,56
enum_class.dart,,15
sass_generator,,4
vpn-reverse-tether,C,190
protocall,Python,13
transliteration,,56
power-traces,Protocol Buffer,8
indexed-db-as-promised,JavaScript,26
gotrace,,21
cameraraw,Go,26
everythingisconnected,JavaScript,19
libkml,C++,97
geovelo,JavaScript,44
gfw-toolkit,Python,29
googleapps-message-recall,Python,16
macops-MOMenu,Objective-C,47
dart2java,Java,61
param_runner,Shell,4
gde-speakersbureau,JavaScript,7
AppUpdateTrackerLib,Java,7
rustcxx,Rust,509
dualhttp,JavaScript,22
go-webdav,Go,70
dorusu-js,JavaScript,40
identity-toolkit-go-client,Go,57
dynamex-proto,Protocol Buffer,7
auto-common,,5
auto-service,,5
auto-factory,,5
prudaq,Eagle,123
realtime-help,Python,20
pepper.js,JavaScript,324
instant-hangouts,JavaScript,184
LiquidFunPaint,Java,166
easy-gwt-mock,Java,13
gofountain,Go,110
VoltAir,C++,317
bzip2-rpc,C,14
gipfeli,C++,117
go-circuits,Go,15
rpki-mgmt,Puppet,6
simplecfg,Java,11
maketrace,C++,19
Chrome.Docs,JavaScript,27
bluesky-watchface,C,11
slowfs,Go,58
arc-jazzy-linter,PHP,18
merge_pyi,Python,15
drone-firebase,Go,14
cncmicroscope-cad,OpenSCAD,15
access-bridge-explorer,C#,126
gitwf,,4
arc-proselint,PHP,17
channel-id-enclave,,33
generator-goro,JavaScript,24
xpaf,C++,153
google-empty-test-module,,3
cloud-reporting,Java,8
reagera,Java,13
py-decorators-tutorial,Jupyter Notebook,31
identity-toolkit-node-client,JavaScript,30
GOS-conventions,Shell,8
identity-toolkit-java-client,Java,37
jalic,C,11
arc-regex-line-length-linter,PHP,8
identity-toolkit-ruby-client,Ruby,10
file-system-stress-testing,C,104
linux-sensor,C,32
multibox,,307
offline-content-packager,,35
crush-tools,Shell,150
flutter-data,Dart,11
resolver-library,Python,7
hops,C++,11
kythe-cloud9,JavaScript,7
physical-web-core,,3
flooefi,,10
serialization.dart,Dart,32
templatekit,Objective-C,19
metrosvg,C++,13
paramgmt,Python,85
pienoon,C++,438
translation-cards,Java,17
topdown-btg-preordering,C++,16
openpgp-interop,,8
appengine-codiad,JavaScript,39
godata,Go,26
opentest4j,Java,5
identity-toolkit-php-client,PHP,37
google-maven-parents,,6
identity-toolkit-python-client,Python,32
Refaster,Java,54
strabo,Elixir,60
http2preload,Go,20
checkers_classic,Python,7
node-nest,JavaScript,4
intellij-cmdline-vcs-plugin,Java,4
docopt-scripts,Go,6
xpra-upstart,,3
steamkeysactivator,AppleScript,29
homebrew-xpra,Ruby,9
shipshape-demo,Python,4
hashing-demo,C++,29
autopiper,C++,48
inception,,878
clang-lens,Haskell,20
crisis-info-hub,JavaScript,35
dart-immutables,Dart,6
streamhtmlparser,C,17
pods-helper,Objective-C,5
cluster-insight,Python,99
freebase-wikidata-converter,PHP,63
snappy-start,C,450
capsicum-man-pages,Groff,10
rust-multihash,Rust,62
organ-donor-app,,3
trace-viewer,,491
rowhammer-test,C++,984
ferret,Java,8
module-server,JavaScript,565
autoparse,Ruby,146
android-studio-check,Java,14
chromeos-filesystems,JavaScript,125
gojiraw,Go,16
terminal-py,Python,7
lmctfy,C++,3.4k
dart-shapeshift,Dart,13
calenviroscreen,R,8
cncmicroscope-code,C++,24
o3dtoydefense,JavaScript,8
epr,JavaScript,16
codename-mvsv,JavaScript,9
io-captions-gadget,Python,5
ytstatistics-demo,Java,5
sensei,C++,55
comid,Dart,15
service_worker.dart,Dart,9
google-visualization-issues,,286
dart-doc_coverage,Dart,7
voter-info-tool,JavaScript,7
chrome-language-immersion,JavaScript,46
coursebuilder_xblock_module,Python,17
py-html-contextual-escaping,Python,4
json-sans-eval,HTML,7
mysql-tools,Python,212
refr,C++,28
coursebuilder-hello-world-module,Python,8
dart-emacs-plugin-unsupported,Emacs Lisp,12
older-mirrored-patches,,4
objectfilter,Python,4
retrofit,Java,43
nfc-smart-tag,Java,12
irrduino,Processing,51
reportlatency,Perl,6
gmailsnooze,JavaScript,16
deliberate,,4
network-visualizer-x,,5
reboot-somalia,,3
citizen-x,,5
pytypedecl,Python,66
rysim,Erlang,7
jsontoken-tmp,,3
go-shlex,,5
zarathustra,Java,14
pull-request-mailer,Haskell,45
elfling,C++,25
vim-ft-vroom,Vim Script,12
picview-for-android,Java,51
picasa-app-demo,Java,10
web-starter-kit-extras,,71
simple-pedometer,Java,77
sensor-data-collection-library,Java,46
ashier,Python,29
coursebuilder-lti-module,Python,16
episodes.dart,Dart,14
polymer-dart-log-controller,Dart,8
ebola-tools,Python,15
pubsubhubbub,,6
dart-tagtree,Dart,78
turing-doodle,JavaScript,170
linear-book-scanner,Python,81
java-thread-sanitizer,Java,76
gin,,5
go-glicko2,,5
rct-automation,C++,23
Idris-dev,Haskell,9
forcefield,Gosu,48
dart-gif-encoder,Dart,28
glassbox,R,22
coursebuilder-learning-analytics,,5
NLSdata,R,8
jenkins-flaky-test-report,,5
build-debian-cloud,Python,35
dart-collab,Dart,47
wheelbarrow,Python,11
photo-sphere,,4
oss-bench,,6
heartbleed-burp-extension,Java,13
lab_device_proxy,Python,39
gdal-autotest2,,4
patchfield,Java,277
googleapps-password-generator,,27
YouCompleteSubl,,2
favcolor-findidp,,5
appengine_xblock_runtime,Python,19
memcache-collections,Python,66
course-builder,,5
favcolor-android,Java,40
systemjs,JavaScript,64
favcolor-ios,,5
pixelcycle-sample-app,Dart,10
container-rfc,,11
gae-channel-api.dart,Dart,10
ChannelPlate,JavaScript,23
testRunner,JavaScript,10
devtoolsExtended,JavaScript,73
self-hosted-rss-to-email,Go,29
zimu,C,6
tsviewdb,JavaScript,125
beta-binomial-fitting,,6
wiberg-minimization,,17
crx2app,JavaScript,22
concatenate.js,JavaScript,92
firmata.py,Python,21
sirius,,8
